Workbook

Sheet Transactions
A1: Northwind Traders
A2: Operating Expenses Detail
A3: Portland
A5: Date | B5: Reference | C5: Description | D5: Amount | E5: Vendor | F5: Category
A6: 45666 | B6: T2025-01-095367 | C6: V:USFoods B:77281934 | D6: 3856.33 | E6: =TRIM(IFERROR(LEFT(C6,FIND(" ",C6)),C6)) | F6: =IFERROR(VLOOKUP(E6,Categories!A:B,2,FALSE),"Other")
A7: 45661 | B7: T2025-01-046442 | C7: V:Sysco B:44829103 | D7: 1926.67 | E7: =TRIM(IFERROR(LEFT(C7,FIND(" ",C7)),C7)) | F7: =IFERROR(VLOOKUP(E7,Categories!A:B,2,FALSE),"Other")
A8: 45668 | B8: T2025-01-116524 | C8: V:Sysco B:44829103 | D8: 840.33 | E8: =TRIM(IFERROR(LEFT(C8,FIND(" ",C8)),C8)) | F8: =IFERROR(VLOOKUP(E8,Categories!A:B,2,FALSE),"Other")
A9: 45675 | B9: T2025-01-183683 | C9: V:InsureCo B:99281734 | D9: 3523.36 | E9: =TRIM(IFERROR(LEFT(C9,FIND(" ",C9)),C9)) | F9: =IFERROR(VLOOKUP(E9,Categories!A:B,2,FALSE),"Other")
A10: 45658 | B10: T2025-01-017186 | C10: V:PowerGrid B:22918374 | D10: 3879.26 | E10: =TRIM(IFERROR(LEFT(C10,FIND(" ",C10)),C10)) | F10: =IFERROR(VLOOKUP(E10,Categories!A:B,2,FALSE),"Other")
A11: 45660 | B11: T2025-01-038345 | C11: V:Sysco B:44829103 | D11: 1611.52 | E11: =TRIM(IFERROR(LEFT(C11,FIND(" ",C11)),C11)) | F11: =IFERROR(VLOOKUP(E11,Categories!A:B,2,FALSE),"Other")
A12: 45661 | B12: T2025-01-043329 | C12: V:Sysco B:44829103 | D12: 509.18 | E12: =TRIM(IFERROR(LEFT(C12,FIND(" ",C12)),C12)) | F12: =IFERROR(VLOOKUP(E12,Categories!A:B,2,FALSE),"Other")
A13: 45662 | B13: T2025-01-058055 | C13: Pay date 2/15 | D13: 10042.61 | E13: =TRIM(IFERROR(LEFT(C13,FIND(" ",C13)),C13)) | F13: =IFERROR(VLOOKUP(E13,Categories!A:B,2,FALSE),"Other")
A14: 45676 | B14: T2025-01-191602 | C14: V:WaterWorks B:11827364 | D14: 1363.34 | E14: =TRIM(IFERROR(LEFT(C14,FIND(" ",C14)),C14)) | F14: =IFERROR(VLOOKUP(E14,Categories!A:B,2,FALSE),"Other")
A15: 45682 | B15: T2025-01-258912 | C15: V:RepairPro B:66738291 | D15: 1750.14 | E15: =TRIM(IFERROR(LEFT(C15,FIND(" ",C15)),C15)) | F15: =IFERROR(VLOOKUP(E15,Categories!A:B,2,FALSE),"Other")
A16: 45664 | B16: T2025-01-076165 | C16: V:MarketingCo B:44738291 | D16: 3211.84 | E16: =TRIM(IFERROR(LEFT(C16,FIND(" ",C16)),C16)) | F16: =IFERROR(VLOOKUP(E16,Categories!A:B,2,FALSE),"Other")
A17: 45658 | B17: T2025-01-019400 | C17: V:PowerGrid B:22918374 | D17: 4470.06 | E17: =TRIM(IFERROR(LEFT(C17,FIND(" ",C17)),C17)) | F17: =IFERROR(VLOOKUP(E17,Categories!A:B,2,FALSE),"Other")
... A272: 45830 | B272: T2025-06-229694 | C272: Pay date 2/15 | D272: 9114.35 | E272: =TRIM(IFERROR(LEFT(C272,FIND(" ",C272)),C272)) | F272: =IFERROR(VLOOKUP(E272,Categories!A:B,2,FALSE),"Other")

Sheet Categories
A1: Vendor Prefix | B1: Category
A2: V:Sysco | B2: Food Cost
A3: V:USFoods | B3: Food Cost
A4: V:PepsiCo | B4: Beverage Cost
A5: V:CleanCorp | B5: Cleaning
A6: V:RepairPro | B6: Repairs
A7: V:InsureCo | B7: Insurance
A8: V:PowerGrid | B8: Utilities
A9: V:WaterWorks | B9: Utilities
A10: V:OfficeMax | B10: Office Supplies
A11: V:MarketingCo | B11: Marketing
A12: Pay date | B12: Payroll

Sheet Summary
A1: Monthly Expense Summary
A3: Category | B3: 45658 | C3: 45689 | D3: 45717 | E3: 45748 | F3: 45778 | G3: 45809
A4: Beverage Cost | B4: =SUMPRODUCT(Transactions!$D$6:$D$272,(Transactions!$F$6:$F$272=A4),(Transactions!$A$6:$A$272>=01/01/2025),(Transactions!$A$6:$A$272<02/01/2025)) | C4: =SUMPRODUCT(Transactions!$D$6:$D$272,(Transactions!$F$6:$F$272=A4),(Transactions!$A$6:$A$272>=02/01/2025),(Transactions!$A$6:$A$272<03/01/2025)) | D4: =SUMPRODUCT(Transactions!$D$6:$D$272,(Transactions!$F$6:$F$272=A4),(Transactions!$A$6:$A$272>=03/01/2025),(Transactions!$A$6:$A$272<04/01/2025)) | E4: =SUMPRODUCT(Transactions!$D$6:$D$272,(Transactions!$F$6:$F$272=A4),(Transactions!$A$6:$A$272>=04/01/2025),(Transactions!$A$6:$A$272<05/01/2025)) | F4: =SUMPRODUCT(Transactions!$D$6:$D$272,(Transactions!$F$6:$F$272=A4),(Transactions!$A$6:$A$272>=05/01/2025),(Transactions!$A$6:$A$272<06/01/2025)) | G4: =SUMPRODUCT(Transactions!$D$6:$D$272,(Transactions!$F$6:$F$272=A4),(Transactions!$A$6:$A$272>=06/01/2025),(Transactions!$A$6:$A$272<07/01/2025))
A5: Cleaning | B5: =SUMPRODUCT(Transactions!$D$6:$D$272,(Transactions!$F$6:$F$272=A5),(Transactions!$A$6:$A$272>=01/01/2025),(Transactions!$A$6:$A$272<02/01/2025)) | C5: =SUMPRODUCT(Transactions!$D$6:$D$272,(Transactions!$F$6:$F$272=A5),(Transactions!$A$6:$A$272>=02/01/2025),(Transactions!$A$6:$A$272<03/01/2025)) | D5: =SUMPRODUCT(Transactions!$D$6:$D$272,(Transactions!$F$6:$F$272=A5),(Transactions!$A$6:$A$272>=03/01/2025),(Transactions!$A$6:$A$272<04/01/2025)) | E5: =SUMPRODUCT(Transactions!$D$6:$D$272,(Transactions!$F$6:$F$272=A5),(Transactions!$A$6:$A$272>=04/01/2025),(Transactions!$A$6:$A$272<05/01/2025)) | F5: =SUMPRODUCT(Transactions!$D$6:$D$272,(Transactions!$F$6:$F$272=A5),(Transactions!$A$6:$A$272>=05/01/2025),(Transactions!$A$6:$A$272<06/01/2025)) | G5: =SUMPRODUCT(Transactions!$D$6:$D$272,(Transactions!$F$6:$F$272=A5),(Transactions!$A$6:$A$272>=06/01/2025),(Transactions!$A$6:$A$272<07/01/2025))
A6: Food Cost | B6: =SUMPRODUCT(Transactions!$D$6:$D$272,(Transactions!$F$6:$F$272=A6),(Transactions!$A$6:$A$272>=01/01/2025),(Transactions!$A$6:$A$272<02/01/2025)) | C6: =SUMPRODUCT(Transactions!$D$6:$D$272,(Transactions!$F$6:$F$272=A6),(Transactions!$A$6:$A$272>=02/01/2025),(Transactions!$A$6:$A$272<03/01/2025)) | D6: =SUMPRODUCT(Transactions!$D$6:$D$272,(Transactions!$F$6:$F$272=A6),(Transactions!$A$6:$A$272>=03/01/2025),(Transactions!$A$6:$A$272<04/01/2025)) | E6: =SUMPRODUCT(Transactions!$D$6:$D$272,(Transactions!$F$6:$F$272=A6),(Transactions!$A$6:$A$272>=04/01/2025),(Transactions!$A$6:$A$272<05/01/2025)) | F6: =SUMPRODUCT(Transactions!$D$6:$D$272,(Transactions!$F$6:$F$272=A6),(Transactions!$A$6:$A$272>=05/01/2025),(Transactions!$A$6:$A$272<06/01/2025)) | G6: =SUMPRODUCT(Transactions!$D$6:$D$272,(Transactions!$F$6:$F$272=A6),(Transactions!$A$6:$A$272>=06/01/2025),(Transactions!$A$6:$A$272<07/01/2025))
A7: Insurance | B7: =SUMPRODUCT(Transactions!$D$6:$D$272,(Transactions!$F$6:$F$272=A7),(Transactions!$A$6:$A$272>=01/01/2025),(Transactions!$A$6:$A$272<02/01/2025)) | C7: =SUMPRODUCT(Transactions!$D$6:$D$272,(Transactions!$F$6:$F$272=A7),(Transactions!$A$6:$A$272>=02/01/2025),(Transactions!$A$6:$A$272<03/01/2025)) | D7: =SUMPRODUCT(Transactions!$D$6:$D$272,(Transactions!$F$6:$F$272=A7),(Transactions!$A$6:$A$272>=03/01/2025),(Transactions!$A$6:$A$272<04/01/2025)) | E7: =SUMPRODUCT(Transactions!$D$6:$D$272,(Transactions!$F$6:$F$272=A7),(Transactions!$A$6:$A$272>=04/01/2025),(Transactions!$A$6:$A$272<05/01/2025)) | F7: =SUMPRODUCT(Transactions!$D$6:$D$272,(Transactions!$F$6:$F$272=A7),(Transactions!$A$6:$A$272>=05/01/2025),(Transactions!$A$6:$A$272<06/01/2025)) | G7: =SUMPRODUCT(Transactions!$D$6:$D$272,(Transactions!$F$6:$F$272=A7),(Transactions!$A$6:$A$272>=06/01/2025),(Transactions!$A$6:$A$272<07/01/2025))
A8: Marketing | B8: =SUMPRODUCT(Transactions!$D$6:$D$272,(Transactions!$F$6:$F$272=A8),(Transactions!$A$6:$A$272>=01/01/2025),(Transactions!$A$6:$A$272<02/01/2025)) | C8: =SUMPRODUCT(Transactions!$D$6:$D$272,(Transactions!$F$6:$F$272=A8),(Transactions!$A$6:$A$272>=02/01/2025),(Transactions!$A$6:$A$272<03/01/2025)) | D8: =SUMPRODUCT(Transactions!$D$6:$D$272,(Transactions!$F$6:$F$272=A8),(Transactions!$A$6:$A$272>=03/01/2025),(Transactions!$A$6:$A$272<04/01/2025)) | E8: =SUMPRODUCT(Transactions!$D$6:$D$272,(Transactions!$F$6:$F$272=A8),(Transactions!$A$6:$A$272>=04/01/2025),(Transactions!$A$6:$A$272<05/01/2025)) | F8: =SUMPRODUCT(Transactions!$D$6:$D$272,(Transactions!$F$6:$F$272=A8),(Transactions!$A$6:$A$272>=05/01/2025),(Transactions!$A$6:$A$272<06/01/2025)) | G8: =SUMPRODUCT(Transactions!$D$6:$D$272,(Transactions!$F$6:$F$272=A8),(Transactions!$A$6:$A$272>=06/01/2025),(Transactions!$A$6:$A$272<07/01/2025))
A9: Office Supplies | B9: =SUMPRODUCT(Transactions!$D$6:$D$272,(Transactions!$F$6:$F$272=A9),(Transactions!$A$6:$A$272>=01/01/2025),(Transactions!$A$6:$A$272<02/01/2025)) | C9: =SUMPRODUCT(Transactions!$D$6:$D$272,(Transactions!$F$6:$F$272=A9),(Transactions!$A$6:$A$272>=02/01/2025),(Transactions!$A$6:$A$272<03/01/2025)) | D9: =SUMPRODUCT(Transactions!$D$6:$D$272,(Transactions!$F$6:$F$272=A9),(Transactions!$A$6:$A$272>=03/01/2025),(Transactions!$A$6:$A$272<04/01/2025)) | E9: =SUMPRODUCT(Transactions!$D$6:$D$272,(Transactions!$F$6:$F$272=A9),(Transactions!$A$6:$A$272>=04/01/2025),(Transactions!$A$6:$A$272<05/01/2025)) | F9: =SUMPRODUCT(Transactions!$D$6:$D$272,(Transactions!$F$6:$F$272=A9),(Transactions!$A$6:$A$272>=05/01/2025),(Transactions!$A$6:$A$272<06/01/2025)) | G9: =SUMPRODUCT(Transactions!$D$6:$D$272,(Transactions!$F$6:$F$272=A9),(Transactions!$A$6:$A$272>=06/01/2025),(Transactions!$A$6:$A$272<07/01/2025))
A10: Payroll | B10: =SUMPRODUCT(Transactions!$D$6:$D$272,(Transactions!$F$6:$F$272=A10),(Transactions!$A$6:$A$272>=01/01/2025),(Transactions!$A$6:$A$272<02/01/2025)) | C10: =SUMPRODUCT(Transactions!$D$6:$D$272,(Transactions!$F$6:$F$272=A10),(Transactions!$A$6:$A$272>=02/01/2025),(Transactions!$A$6:$A$272<03/01/2025)) | D10: =SUMPRODUCT(Transactions!$D$6:$D$272,(Transactions!$F$6:$F$272=A10),(Transactions!$A$6:$A$272>=03/01/2025),(Transactions!$A$6:$A$272<04/01/2025)) | E10: =SUMPRODUCT(Transactions!$D$6:$D$272,(Transactions!$F$6:$F$272=A10),(Transactions!$A$6:$A$272>=04/01/2025),(Transactions!$A$6:$A$272<05/01/2025)) | F10: =SUMPRODUCT(Transactions!$D$6:$D$272,(Transactions!$F$6:$F$272=A10),(Transactions!$A$6:$A$272>=05/01/2025),(Transactions!$A$6:$A$272<06/01/2025)) | G10: =SUMPRODUCT(Transactions!$D$6:$D$272,(Transactions!$F$6:$F$272=A10),(Transactions!$A$6:$A$272>=06/01/2025),(Transactions!$A$6:$A$272<07/01/2025))
A11: Repairs | B11: =SUMPRODUCT(Transactions!$D$6:$D$272,(Transactions!$F$6:$F$272=A11),(Transactions!$A$6:$A$272>=01/01/2025),(Transactions!$A$6:$A$272<02/01/2025)) | C11: =SUMPRODUCT(Transactions!$D$6:$D$272,(Transactions!$F$6:$F$272=A11),(Transactions!$A$6:$A$272>=02/01/2025),(Transactions!$A$6:$A$272<03/01/2025)) | D11: =SUMPRODUCT(Transactions!$D$6:$D$272,(Transactions!$F$6:$F$272=A11),(Transactions!$A$6:$A$272>=03/01/2025),(Transactions!$A$6:$A$272<04/01/2025)) | E11: =SUMPRODUCT(Transactions!$D$6:$D$272,(Transactions!$F$6:$F$272=A11),(Transactions!$A$6:$A$272>=04/01/2025),(Transactions!$A$6:$A$272<05/01/2025)) | F11: =SUMPRODUCT(Transactions!$D$6:$D$272,(Transactions!$F$6:$F$272=A11),(Transactions!$A$6:$A$272>=05/01/2025),(Transactions!$A$6:$A$272<06/01/2025)) | G11: =SUMPRODUCT(Transactions!$D$6:$D$272,(Transactions!$F$6:$F$272=A11),(Transactions!$A$6:$A$272>=06/01/2025),(Transactions!$A$6:$A$272<07/01/2025))
A12: Utilities | B12: =SUMPRODUCT(Transactions!$D$6:$D$272,(Transactions!$F$6:$F$272=A12),(Transactions!$A$6:$A$272>=01/01/2025),(Transactions!$A$6:$A$272<02/01/2025)) | C12: =SUMPRODUCT(Transactions!$D$6:$D$272,(Transactions!$F$6:$F$272=A12),(Transactions!$A$6:$A$272>=02/01/2025),(Transactions!$A$6:$A$272<03/01/2025)) | D12: =SUMPRODUCT(Transactions!$D$6:$D$272,(Transactions!$F$6:$F$272=A12),(Transactions!$A$6:$A$272>=03/01/2025),(Transactions!$A$6:$A$272<04/01/2025)) | E12: =SUMPRODUCT(Transactions!$D$6:$D$272,(Transactions!$F$6:$F$272=A12),(Transactions!$A$6:$A$272>=04/01/2025),(Transactions!$A$6:$A$272<05/01/2025)) | F12: =SUMPRODUCT(Transactions!$D$6:$D$272,(Transactions!$F$6:$F$272=A12),(Transactions!$A$6:$A$272>=05/01/2025),(Transactions!$A$6:$A$272<06/01/2025)) | G12: =SUMPRODUCT(Transactions!$D$6:$D$272,(Transactions!$F$6:$F$272=A12),(Transactions!$A$6:$A$272>=06/01/2025),(Transactions!$A$6:$A$272<07/01/2025))
A13: Total | B13: =SUM(B4:B12) | C13: =SUM(C4:C12) | D13: =SUM(D4:D12) | E13: =SUM(E4:E12) | F13: =SUM(F4:F12) | G13: =SUM(G4:G12)
A15: Transaction Count | B15: =COUNTIFS(Transactions!$A$6:$A$272,">="&01/01/2025,Transactions!$A$6:$A$272,"<"&02/01/2025) | C15: =COUNTIFS(Transactions!$A$6:$A$272,">="&02/01/2025,Transactions!$A$6:$A$272,"<"&03/01/2025) | D15: =COUNTIFS(Transactions!$A$6:$A$272,">="&03/01/2025,Transactions!$A$6:$A$272,"<"&04/01/2025) | E15: =COUNTIFS(Transactions!$A$6:$A$272,">="&04/01/2025,Transactions!$A$6:$A$272,"<"&05/01/2025) | F15: =COUNTIFS(Transactions!$A$6:$A$272,">="&05/01/2025,Transactions!$A$6:$A$272,"<"&06/01/2025) | G15: =COUNTIFS(Transactions!$A$6:$A$272,">="&06/01/2025,Transactions!$A$6:$A$272,"<"&07/01/2025)
